{"cameraMode":{"drawMode":0,"name":"Shaded","section":"Shading Mode"},"sceneLighting":false,"audioPlay":false,"sceneViewState":{"showFog":false,"showMaterialUpdate":false,"showSkybox":false,"showFlares":false,"showImageEffects":false,"showParticleSystems":false},"in2DMode":false,"pivot":{"x":576.5,"y":300.7988586425781,"z":2.1618168354034426},"rotation":{"x":-0.10499715805053711,"y":-0.0471225269138813,"z":0.004980823956429958,"w":-0.9933429956436157},"size":2221.010009765625,"orthographic":false}