{"cameraMode":{"drawMode":0,"name":"Shaded","section":"Shading Mode"},"sceneLighting":false,"audioPlay":false,"sceneViewState":{"showFog":false,"showMaterialUpdate":false,"showSkybox":false,"showFlares":false,"showImageEffects":false,"showParticleSystems":false},"in2DMode":false,"pivot":{"x":-1.2000000476837159,"y":-9.177755355834961,"z":12.116000175476075},"rotation":{"x":-0.14964260160923005,"y":-0.03647841513156891,"z":0.005524674896150827,"w":-0.9880515933036804},"size":4.02559757232666,"orthographic":false}