{"cameraMode":{"drawMode":0,"name":"Shaded","section":"Shading Mode"},"sceneLighting":true,"audioPlay":false,"sceneViewState":{"showFog":false,"showMaterialUpdate":false,"showSkybox":false,"showFlares":false,"showImageEffects":false,"showParticleSystems":false},"in2DMode":false,"pivot":{"x":55.152130126953128,"y":47.05168151855469,"z":69.06834411621094},"rotation":{"x":-0.1008131355047226,"y":0.2816009223461151,"z":-0.029765458777546884,"w":-0.9537566304206848},"size":156.6505584716797,"orthographic":false}