{"cameraMode":{"drawMode":0,"name":"Shaded","section":"Shading Mode"},"sceneLighting":true,"audioPlay":false,"sceneViewState":{"showFog":false,"showMaterialUpdate":false,"showSkybox":false,"showFlares":false,"showImageEffects":false,"showParticleSystems":false},"in2DMode":false,"pivot":{"x":-1.5400195121765137,"y":-6.838089942932129,"z":8.032878875732422},"rotation":{"x":-0.14964260160923005,"y":-0.03647841513156891,"z":0.005524674896150827,"w":-0.9880515933036804},"size":46.94659423828125,"orthographic":false}