{"cameraMode":{"drawMode":0,"name":"Shaded","section":"Shading Mode"},"sceneLighting":false,"audioPlay":false,"sceneViewState":{"showFog":false,"showMaterialUpdate":false,"showSkybox":false,"showFlares":false,"showImageEffects":false,"showParticleSystems":false},"in2DMode":false,"pivot":{"x":0.01518133282661438,"y":2.372985601425171,"z":-0.0260000042617321},"rotation":{"x":-0.14964260160923005,"y":-0.03647841513156891,"z":0.005524674896150827,"w":-0.9880515933036804},"size":1.4177298545837403,"orthographic":false}